review_order,sample_id,split,preview_case,selection_reason,angle_degrees,translate_x_fraction,translate_y_fraction,scale_factor,intensity_gain,source_boxes,output_boxes,clipped_boxes,invalid_boxes,preview_path
1,train/distal-humeral-fractures-2-_jpeg.rf.39ba3f53047ecb4064613850a1c76fc1,train,rotation_positive,class_0_representative,10.0,0.0,0.0,1.0,0.0,1,1,0,0,outputs/phase2/phase2e/augmentation/preview/01_rotation_positive_distal-humeral-fractures-2-_jpeg.rf.39ba3f53047ecb4064613850a1c76fc1.png
2,train/image1_1036_png.rf.d815bc7f4963ed689a1bb90cc17ad13e,train,rotation_negative,class_1_representative,-10.0,0.0,0.0,1.0,0.0,1,1,0,0,outputs/phase2/phase2e/augmentation/preview/02_rotation_negative_image1_1036_png.rf.d815bc7f4963ed689a1bb90cc17ad13e.png
3,train/image1_1022_png.rf.b423a18f64684ae7c6342b0071ef46cf,train,translation_positive,class_2_representative,0.0,0.05,-0.05,1.0,0.0,2,2,0,0,outputs/phase2/phase2e/augmentation/preview/03_translation_positive_image1_1022_png.rf.b423a18f64684ae7c6342b0071ef46cf.png
4,train/image1_3886_png.rf.4ce19b6643fbad289efb504cf52d7e50,train,translation_boundary,box_near_boundary,0.0,-0.05,0.05,1.0,0.0,2,2,1,0,outputs/phase2/phase2e/augmentation/preview/04_translation_boundary_image1_3886_png.rf.4ce19b6643fbad289efb504cf52d7e50.png
5,train/image1_1723_png.rf.764004ba129e868d172da348dacf81b8,train,zoom_in,small_box,0.0,0.0,0.0,1.1,0.0,1,1,0,0,outputs/phase2/phase2e/augmentation/preview/05_zoom_in_image1_1723_png.rf.764004ba129e868d172da348dacf81b8.png
6,train/image1_1010_png.rf.65f54641e628d0952fc45df00ef5e7ff,train,zoom_out,class_3_representative,0.0,0.0,0.0,0.9,0.0,1,1,0,0,outputs/phase2/phase2e/augmentation/preview/06_zoom_out_image1_1010_png.rf.65f54641e628d0952fc45df00ef5e7ff.png
7,train/image1_0_png.rf.bc222874fa14e205b638e87ddad52b9d,train,intensity_positive,class_4_representative,0.0,0.0,0.0,1.0,0.15,1,1,0,0,outputs/phase2/phase2e/augmentation/preview/07_intensity_positive_image1_0_png.rf.bc222874fa14e205b638e87ddad52b9d.png
8,train/image1_1002_png.rf.c94d11a79032d6beb4ce4d876c9f7fda,train,intensity_negative,class_5_representative,0.0,0.0,0.0,1.0,-0.15,2,2,0,0,outputs/phase2/phase2e/augmentation/preview/08_intensity_negative_image1_1002_png.rf.c94d11a79032d6beb4ce4d876c9f7fda.png
9,train/image1_1417_png.rf.d809f1c863c4d73472b22d9d4caefdd5,train,combined_policy,multi_annotation,7.0,0.03,-0.04,1.06,0.1,3,3,0,0,outputs/phase2/phase2e/augmentation/preview/09_combined_policy_image1_1417_png.rf.d809f1c863c4d73472b22d9d4caefdd5.png
