review_order,split,source_filename,processed_filename,review_image_path,selection_reasons,class_ids,annotation_count,original_mean,processed_mean,original_std,processed_std
1,train,image1_1381_png.rf.56ffcabc4df5deedfab9d035dd29b0bf.jpg,image1_1381_png.rf.56ffcabc4df5deedfab9d035dd29b0bf.png,outputs/phase2/phase2d/visual_review/01_train_image1_1381_png.rf.56ffcabc4df5deedfab9d035dd29b0bf.png,class_5_representative,5,1,47.465157277961,52.629543585526,53.77484622153,56.431069358434
2,train,image1_1417_png.rf.d809f1c863c4d73472b22d9d4caefdd5.jpg,image1_1417_png.rf.d809f1c863c4d73472b22d9d4caefdd5.png,outputs/phase2/phase2d/visual_review/02_train_image1_1417_png.rf.d809f1c863c4d73472b22d9d4caefdd5.png,multi_annotation,5,3,54.392421177455,68.560241699219,22.05583748071,27.674066690655
3,train,image1_1445_png.rf.c2c799175febfa278b6a09b15ec296b8.jpg,image1_1445_png.rf.c2c799175febfa278b6a09b15ec296b8.png,outputs/phase2/phase2d/visual_review/03_train_image1_1445_png.rf.c2c799175febfa278b6a09b15ec296b8.png,class_2_representative,2,2,43.039654210283,59.323670335591,37.298056165164,48.029901862168
4,train,image1_144_png.rf.9238ade1f959816af19b03dddffd688c.jpg,image1_144_png.rf.9238ade1f959816af19b03dddffd688c.png,outputs/phase2/phase2d/visual_review/04_train_image1_144_png.rf.9238ade1f959816af19b03dddffd688c.png,bright_image,,0,178.742259659791,166.837308536022,24.072908955323,42.391317824074
5,train,image1_1723_png.rf.764004ba129e868d172da348dacf81b8.jpg,image1_1723_png.rf.764004ba129e868d172da348dacf81b8.png,outputs/phase2/phase2d/visual_review/05_train_image1_1723_png.rf.764004ba129e868d172da348dacf81b8.png,small_annotated_region,2,1,41.240066964286,54.05517578125,48.885882092145,59.139352727373
6,train,image1_1882_png.rf.5a8446e65d39a33d34d8a61483135771.jpg,image1_1882_png.rf.5a8446e65d39a33d34d8a61483135771.png,outputs/phase2/phase2d/visual_review/06_train_image1_1882_png.rf.5a8446e65d39a33d34d8a61483135771.png,small_annotated_region,5,2,28.267220052083,37.877185639881,39.366867766963,48.564786885808
7,train,image1_209_png.rf.b3a42b946c987da590aa0e619390f639.jpg,image1_209_png.rf.b3a42b946c987da590aa0e619390f639.png,outputs/phase2/phase2d/visual_review/07_train_image1_209_png.rf.b3a42b946c987da590aa0e619390f639.png,unusual_aspect_ratio,,0,53.753096846847,71.011243665541,43.903563637112,46.413102619013
8,train,image1_2426_png.rf.263b77da081c7c18c90935d56a62f526.jpg,image1_2426_png.rf.263b77da081c7c18c90935d56a62f526.png,outputs/phase2/phase2d/visual_review/08_train_image1_2426_png.rf.263b77da081c7c18c90935d56a62f526.png,unusual_aspect_ratio,1,1,62.666049890351,72.407158031798,19.746500566326,23.840798017386
9,train,image1_3133_png.rf.6fdd204cabe7f84fb2173d91c4032a3a.jpg,image1_3133_png.rf.6fdd204cabe7f84fb2173d91c4032a3a.png,outputs/phase2/phase2d/visual_review/09_train_image1_3133_png.rf.6fdd204cabe7f84fb2173d91c4032a3a.png,low_contrast,1,1,57.111934267241,65.674987492303,8.383985647166,15.942257094235
10,train,image1_3660_png.rf.02fe047833a7498d55d7d954c7b1b035.jpg,image1_3660_png.rf.02fe047833a7498d55d7d954c7b1b035.png,outputs/phase2/phase2d/visual_review/10_train_image1_3660_png.rf.02fe047833a7498d55d7d954c7b1b035.png,class_1_representative,1,1,47.440557861328,61.850537109375,30.910283077528,36.306739333085
11,train,image1_4652_png.rf.7712d008fa808a6ac21599fbf11b6360.jpg,image1_4652_png.rf.7712d008fa808a6ac21599fbf11b6360.png,outputs/phase2/phase2d/visual_review/11_train_image1_4652_png.rf.7712d008fa808a6ac21599fbf11b6360.png,class_0_representative,0,2,48.814234190634,59.955527516593,20.855506547482,26.003200467988
12,train,image1_487_png.rf.17e6b6d64daf623c2462d266df535869.jpg,image1_487_png.rf.17e6b6d64daf623c2462d266df535869.png,outputs/phase2/phase2d/visual_review/12_train_image1_487_png.rf.17e6b6d64daf623c2462d266df535869.png,dark_image,,0,8.920893626847,14.437192118227,14.183425605859,22.510384762706
13,train,image1_634_png.rf.3369dc751401a238dc3b0399ec02982d.jpg,image1_634_png.rf.3369dc751401a238dc3b0399ec02982d.png,outputs/phase2/phase2d/visual_review/13_train_image1_634_png.rf.3369dc751401a238dc3b0399ec02982d.png,class_3_representative,3,1,40.461692027163,54.131044076962,33.453504989661,41.031943880615
14,train,image1_7973_png.rf.0ab94097f5c63a5dad14ccff1be2e040.jpg,image1_7973_png.rf.0ab94097f5c63a5dad14ccff1be2e040.png,outputs/phase2/phase2d/visual_review/14_train_image1_7973_png.rf.0ab94097f5c63a5dad14ccff1be2e040.png,class_4_representative,4,1,55.868100219431,67.38157347155,35.524497307245,39.040292498696
15,train,image1_801_png.rf.747bbbcb4065f06b300ca8acc4b0dece.jpg,image1_801_png.rf.747bbbcb4065f06b300ca8acc4b0dece.png,outputs/phase2/phase2d/visual_review/15_train_image1_801_png.rf.747bbbcb4065f06b300ca8acc4b0dece.png,bright_image,3,1,179.734996659739,174.141311609264,44.98128149297,48.142503432308
16,train,image1_94_png.rf.c791ab340e429f0a46390803fbebb23e.jpg,image1_94_png.rf.c791ab340e429f0a46390803fbebb23e.png,outputs/phase2/phase2d/visual_review/16_train_image1_94_png.rf.c791ab340e429f0a46390803fbebb23e.png,low_contrast,,0,58.576109336515,64.016702586207,8.689998099816,14.649652526969
17,valid,image1_1992_png.rf.379b87658e6c985d51218b5383d5450b.jpg,image1_1992_png.rf.379b87658e6c985d51218b5383d5450b.png,outputs/phase2/phase2d/visual_review/17_valid_image1_1992_png.rf.379b87658e6c985d51218b5383d5450b.png,multi_annotation,5,4,53.212004821097,66.793164788569,23.366876662231,30.45331862889
18,valid,image1_287_png.rf.1963bdf654969c5d608bf0ccff643bdd.jpg,image1_287_png.rf.1963bdf654969c5d608bf0ccff643bdd.png,outputs/phase2/phase2d/visual_review/18_valid_image1_287_png.rf.1963bdf654969c5d608bf0ccff643bdd.png,dark_image,,0,8.874186999692,14.844615917488,21.003325342378,29.533264039648
