scope_type,scope_value,annotation_count,minimum,q1,median,mean,q3,maximum
overall,all,998,0.049270936927,0.585131508681,0.690987095461,0.685368457768,0.790022162696,0.977396119500
split,train,698,0.334048032285,0.587373901876,0.690793086325,0.686499209242,0.790454763144,0.977396119500
split,valid,204,0.049270936927,0.576495005941,0.687405169397,0.679711255852,0.788466097817,0.957976127276
split,test,96,0.435586086461,0.586955221534,0.694398994037,0.689168506329,0.783108226181,0.970446920808
class,0: elbow positive,159,0.049270936927,0.610937159793,0.690733137047,0.680364847809,0.763077139360,0.929079300327
class,1: fingers positive,253,0.383874294268,0.597093800242,0.684734542541,0.685770592419,0.780948153145,0.977396119500
class,2: forearm fracture,164,0.460653291174,0.699870005571,0.781659588654,0.757699284924,0.836515281629,0.970446920808
class,3: humerus fracture,155,0.334048032285,0.523218260143,0.587149072554,0.618596922359,0.707511577425,0.919483115780
class,4: shoulder fracture,157,0.455145545372,0.578903740534,0.666805319928,0.676588369729,0.787854334550,0.966254812987
class,5: wrist positive,110,0.377716881529,0.585602651399,0.701084476485,0.690456094800,0.790402270936,0.934016735131
